period,active_users,cohort_size,revenue,cohort_rev0,retention_rate_weighted,revenue_retention_rate_weighted
0,163,163,28651.58,28651.58,1.0,1.0
1,49,111,17034.59,17627.18,0.44144144144144143,0.9663820304779324
2,39,68,12280.32,10346.66,0.5735294117647058,1.1868873626851564
3,27,42,7386.959999999999,6258.75,0.6428571428571429,1.1802612342720191
4,12,19,4248.37,3000.7799999999997,0.631578947368421,1.4157552369717208
5,4,4,1424.2,615.54,1.0,2.3137407804529357
