risk_band,n_control,n_treatment,control_rate,treatment_rate,rate_diff,z_stat,p_value,q_value_bh,significant_fdr_bh
high,403,397,0.14640198511166252,0.29219143576826195,0.14578945065659943,4.987235042043942,6.124953338134039e-07,1.8374860014402118e-06,True
low,404,396,0.5495049504950495,0.6515151515151515,0.10201020102010194,2.944633608228477,0.0032333730839876032,0.0032333730839876032,True
mid,393,407,0.3256997455470738,0.48894348894348894,0.16324374339641512,4.695378118998874,2.661140031685806e-06,3.9917100475287095e-06,True
