risk_band,n_control,n_treatment,control_mean,treatment_mean,difference,welch_t,p_value,q_value_bh,significant_fdr_bh
high,403,397,21.832233250620344,46.689546599496225,24.85731334887588,5.3352795903748005,1.277830245874887e-07,3.833490737624661e-07,True
low,404,396,58.49443663366336,84.8838787878788,26.389442154215438,4.453142381536211,9.686736707731965e-06,1.4530105061597949e-05,True
mid,393,407,45.791912977099244,68.25293415233415,22.461021175234904,4.0783975259649425,4.98980513065612e-05,4.98980513065612e-05,True
