score_decile,users,churn_rate,avg_score,pred_positive_rate
9,35,1.0,0.9823925571371684,1.0
8,34,1.0,0.9580725684987667,1.0
7,35,1.0,0.9134224510121527,1.0
6,34,0.9705882352941176,0.8291552421446027,1.0
5,34,0.3235294117647059,0.34280911044409146,0.3235294117647059
4,35,0.02857142857142857,0.17382871723192922,0.0
3,34,0.0,0.08723742640390415,0.0
2,35,0.0,0.031137593451770425,0.0
1,34,0.0,0.01058322163573801,0.0
0,35,0.0,0.0065461265482950805,0.0
